{
  "metadata": {
    "timestamp": "2026-04-26T11:13:20",
    "device": "cuda",
    "dataset": "CIFAR-100 (train split, seed=42, 10000 test samples)",
    "framework": "Model Reliability Score (MRS)"
  },
  "models": {
    "AlexNet": {
      "inference_summary": {
        "baseline_D": {
          "N": 10000,
          "K": 4040,
          "raw_error_rate": 0.404,
          "pf": 0.404,
          "accuracy_pct": 59.599999999999994
        },
        "shifted_Dprime": {
          "N": 10000,
          "K": 5004,
          "raw_error_rate": 0.5004,
          "pf": 0.5004
        },
        "perturbed_Dtilde": {
          "N": 10000,
          "K": 4070,
          "raw_error_rate": 0.407,
          "pf": 0.407
        }
      },
      "metrics": {
        "PS": {
          "score": 0.596,
          "bootstrap": {
            "mean": 0.5958563,
            "std": 0.004887553611982175,
            "ci_lower": 0.5855975,
            "ci_upper": 0.6054025
          }
        },
        "DS": {
          "score": 0.7613861386138616,
          "bootstrap": {
            "mean": 0.7612557768211178,
            "std": 0.011980889353363411,
            "ci_lower": 0.7375290806498396,
            "ci_upper": 0.7832691678310235
          }
        },
        "DepS": {
          "score": 0.39749709652606213,
          "c_bar": 0.7923536290943622,
          "var_95_calibrated": 0.19957034386992456,
          "cvar_calibrated": 0.2050058069478758,
          "ece": 0.19647631422281267,
          "bootstrap": {
            "mean": 0.3974832300200742,
            "std": 0.0011845529996752616,
            "ci_lower": 0.395139485030126,
            "ci_upper": 0.39980754079957764
          }
        },
        "QoTS": {
          "score": 0.9861595905353246,
          "rho": -0.013840409464675315,
          "t_stat": -1.3840351025613304,
          "p_value": 0.16637860013359485,
          "significant_at_0.05": false,
          "pattern": "Random \u2014 failures are unpatterned and memoryless",
          "bootstrap": {
            "mean": 0.9920418371561622,
            "std": 0.005943016465557042,
            "ci_lower": 0.9777472310652211,
            "ci_upper": 0.9995835456198888
          }
        },
        "AS": {
          "score": 0.6731033758817464,
          "mtbf": 3.4191836734693877,
          "mttr": 1.660546715626275,
          "bootstrap": {
            "mean": 0.671989153395268,
            "std": 0.0037605152175941383,
            "ci_lower": 0.6643935919227246,
            "ci_upper": 0.6791995706763121
          }
        }
      },
      "mrs": {
        "equal_weights": {
          "weights": [
            0.2,
            0.2,
            0.2,
            0.2,
            0.2
          ],
          "score": 0.6244786722629163,
          "bootstrap": {
            "mean": 0.6246458230249897,
            "std": 0.0019238751005059979,
            "ci_lower": 0.6209423613584911,
            "ci_upper": 0.6283322311038668
          }
        }
      },
      "statistical_tests": {
        "mann_whitney_u": {
          "description": "Failure confidences: baseline D vs shifted D_prime",
          "statistic": 10443669.5,
          "pvalue": 0.006555956880710818,
          "significant_at_0.05": true
        }
      },
      "config": {
        "w_I": 0.5,
        "w_II": 0.5,
        "alpha": 0.95,
        "ece_bins": 15,
        "sigma": 0.25,
        "weights_equal": [
          0.2,
          0.2,
          0.2,
          0.2,
          0.2
        ],
        "bootstrap_n": 1000
      }
    },
    "VGG16": {
      "inference_summary": {
        "baseline_D": {
          "N": 10000,
          "K": 2998,
          "raw_error_rate": 0.2998,
          "pf": 0.2998,
          "accuracy_pct": 70.02
        },
        "shifted_Dprime": {
          "N": 10000,
          "K": 3649,
          "raw_error_rate": 0.3649,
          "pf": 0.3649
        },
        "perturbed_Dtilde": {
          "N": 10000,
          "K": 3129,
          "raw_error_rate": 0.3129,
          "pf": 0.3129
        }
      },
      "metrics": {
        "PS": {
          "score": 0.7001999999999999,
          "bootstrap": {
            "mean": 0.7001174,
            "std": 0.004415814448094486,
            "ci_lower": 0.6912,
            "ci_upper": 0.708405
          }
        },
        "DS": {
          "score": 0.7828552368245497,
          "bootstrap": {
            "mean": 0.7829492991556432,
            "std": 0.01340034208186988,
            "ci_lower": 0.7571901557560112,
            "ci_upper": 0.8093684599605007
          }
        },
        "DepS": {
          "score": 0.4082105217802028,
          "c_bar": 0.8108198965445161,
          "var_95_calibrated": 0.17526859990209337,
          "cvar_calibrated": 0.1835789564395944,
          "ece": 0.11061989654451605,
          "bootstrap": {
            "mean": 0.4082839580567537,
            "std": 0.0011512259134368243,
            "ci_lower": 0.40605650727165565,
            "ci_upper": 0.41045001278430615
          }
        },
        "QoTS": {
          "score": 0.9924299864147874,
          "rho": -0.0075700135852126245,
          "t_stat": -0.7569473433845024,
          "p_value": 0.44909924715565036,
          "significant_at_0.05": false,
          "pattern": "Random \u2014 failures are unpatterned and memoryless",
          "bootstrap": {
            "mean": 0.9922844504396677,
            "std": 0.005928872044834143,
            "ci_lower": 0.9774817046241501,
            "ci_upper": 0.9996195416491269
          }
        },
        "AS": {
          "score": 0.7425789815060936,
          "mtbf": 4.184601113172541,
          "mttr": 1.450625869262865,
          "bootstrap": {
            "mean": 0.7423649258229633,
            "std": 0.0033784312052436262,
            "ci_lower": 0.7353693760988526,
            "ci_upper": 0.7489354853809101
          }
        }
      },
      "mrs": {
        "equal_weights": {
          "weights": [
            0.2,
            0.2,
            0.2,
            0.2,
            0.2
          ],
          "score": 0.6658196565385969,
          "bootstrap": {
            "mean": 0.6657155062949507,
            "std": 0.0020956472113070794,
            "ci_lower": 0.6616556683216273,
            "ci_upper": 0.6699556414446244
          }
        }
      },
      "statistical_tests": {
        "mann_whitney_u": {
          "description": "Failure confidences: baseline D vs shifted D_prime",
          "statistic": 5811920.5,
          "pvalue": 1.1130435269697522e-05,
          "significant_at_0.05": true
        }
      },
      "config": {
        "w_I": 0.5,
        "w_II": 0.5,
        "alpha": 0.95,
        "ece_bins": 15,
        "sigma": 0.25,
        "weights_equal": [
          0.2,
          0.2,
          0.2,
          0.2,
          0.2
        ],
        "bootstrap_n": 1000
      }
    },
    "ResNet50": {
      "inference_summary": {
        "baseline_D": {
          "N": 10000,
          "K": 2623,
          "raw_error_rate": 0.2623,
          "pf": 0.2623,
          "accuracy_pct": 73.77
        },
        "shifted_Dprime": {
          "N": 10000,
          "K": 3628,
          "raw_error_rate": 0.3628,
          "pf": 0.3628
        },
        "perturbed_Dtilde": {
          "N": 10000,
          "K": 2775,
          "raw_error_rate": 0.2775,
          "pf": 0.2775
        }
      },
      "metrics": {
        "PS": {
          "score": 0.7377,
          "bootstrap": {
            "mean": 0.7376265000000001,
            "std": 0.004244745899344267,
            "ci_lower": 0.7294,
            "ci_upper": 0.7458025
          }
        },
        "DS": {
          "score": 0.6168509340449865,
          "bootstrap": {
            "mean": 0.6165772458164425,
            "std": 0.018902326754745298,
            "ci_lower": 0.579227782571182,
            "ci_upper": 0.6550082576662454
          }
        },
        "DepS": {
          "score": 0.42970045719011263,