{
  "metadata": {
    "timestamp": "2026-04-27T23:09:01",
    "device": "cuda",
    "dataset": "CIFAR-100 (train split, seed=42, 10000 test samples)",
    "framework": "Model Reliability Score (MRS)"
  },
  "models": {
    "AlexNet": {
      "inference_summary": {
        "baseline_D": {
          "N": 10000,
          "K": 4040,
          "raw_error_rate": 0.404,
          "pf": 0.404,
          "accuracy_pct": 59.599999999999994
        },
        "shifted_Dprime": {
          "N": 10000,
          "K": 4917,
          "raw_error_rate": 0.4917,
          "pf": 0.4917
        },
        "perturbed_Dtilde": {
          "N": 10000,
          "K": 4949,
          "raw_error_rate": 0.4949,
          "pf": 0.4949,
          "accuracy_pct": 50.51
        }
      },
      "metrics": {
        "PS": {
          "score": 0.596,
          "bootstrap": {
            "mean": 0.5958563,
            "std": 0.004887553611982175,
            "ci_lower": 0.5855975,
            "ci_upper": 0.6054025
          }
        },
        "DS": {
          "score": 0.782920792079208,
          "bootstrap": {
            "mean": 0.7829081696031399,
            "std": 0.011189051832980948,
            "ci_lower": 0.7599794001127974,
            "ci_upper": 0.8045079606219832
          }
        },
        "DepS": {
          "score": 0.39749709652606213,
          "c_bar": 0.7923536290943622,
          "var_95_calibrated": 0.19957034386992456,
          "cvar_calibrated": 0.2050058069478758,
          "ece": 0.19647631422281267,
          "bootstrap": {
            "mean": 0.3974832300200742,
            "std": 0.0011845529996752616,
            "ci_lower": 0.395139485030126,
            "ci_upper": 0.39980754079957764
          }
        },
        "QoTS": {
          "score": 0.8580472151557124,
          "K_critical": 807,
          "theta": 0.9,
          "best_model": "lognormal",
          "aic": {
            "weibull": 5664.68289516466,
            "gamma": 5657.714504090476,
            "lognormal": 5653.763871083245
          },
          "weibull_shape": 1.0687681741295354,
          "weibull_scale": 12.719280017858111,
          "intervals_mean": 12.370967741935484,
          "mu_ref": 2.4752475247524752,
          "ad_stat": 21.507487712995044,
          "ad_crit_vals": [
            0.471,
            0.633,
            0.752,
            0.871,
            1.031
          ],
          "note": null,
          "bootstrap": {
            "mean": 0.8645264948284732,
            "std": 0.008448600942942811,
            "ci_lower": 0.8482225949079442,
            "ci_upper": 0.8803295856517049
          }
        },
        "AS": {
          "score": 0.5051,
          "pf_dtilde": 0.4949,
          "K_dtilde": 4949,
          "bootstrap": {
            "mean": 0.5049428,
            "std": 0.005001442607888247,
            "ci_lower": 0.49489500000000003,
            "ci_upper": 0.5142
          }
        }
      },
      "mrs": {
        "equal_weights": {
          "weights": [
            0.2,
            0.2,
            0.2,
            0.2,
            0.2
          ],
          "active_metrics": 5,
          "score": 0.5803085912654736,
          "bootstrap": {
            "mean": 0.5807691557845946,
            "std": 0.0023511470385227415,
            "ci_lower": 0.5761919947784687,
            "ci_upper": 0.5852150351022388
          }
        }
      },
      "statistical_tests": {
        "mann_whitney_u": {
          "description": "Failure confidences: baseline D vs shifted D_prime",
          "statistic": 10855174.5,
          "pvalue": 3.502957141143929e-14,
          "significant_at_0.05": true
        }
      },
      "config": {
        "w_I": 0.5,
        "w_II": 0.5,
        "alpha": 0.95,
        "ece_bins": 15,
        "sigma": 0.25,
        "weights_equal": [
          0.2,
          0.2,
          0.2,
          0.2,
          0.2
        ],
        "bootstrap_n": 1000,
        "qots_theta": 0.9,
        "qots_min_failures": 10,
        "lambda_param": 2.0,
        "gamma_param": 1.0
      },
      "dataset_info": {
        "transform_dist": {
          "gaussian": 979,
          "motion_blur+brightness": 1011,
          "gaussian+rotation": 956,
          "gaussian+motion_blur": 1046,
          "motion_blur+rotation": 959,
          "brightness": 1022,
          "gaussian+brightness": 1031,
          "brightness+rotation": 982,
          "motion_blur": 1043,
          "rotation": 971
        },
        "dist_stats": {
          "D": {
            "mean": -0.01624233601614833,
            "std": 0.9476104259490967,
            "hf_energy_ratio": 0.02836925980046752
          },
          "D_prime": {
            "mean": -0.016242333501577378,
            "std": 0.9340526342391968,
            "hf_energy_ratio": 1.939334557936899e-14
          }
        }
      }
    },
    "VGG16": {
      "inference_summary": {
        "baseline_D": {
          "N": 10000,
          "K": 2998,
          "raw_error_rate": 0.2998,
          "pf": 0.2998,
          "accuracy_pct": 70.02
        },
        "shifted_Dprime": {
          "N": 10000,
          "K": 7242,
          "raw_error_rate": 0.7242,
          "pf": 0.7242
        },
        "perturbed_Dtilde": {
          "N": 10000,
          "K": 4087,
          "raw_error_rate": 0.4087,
          "pf": 0.4087,
          "accuracy_pct": 59.129999999999995
        }
      },
      "metrics": {
        "PS": {
          "score": 0.7001999999999999,
          "bootstrap": {
            "mean": 0.7001174,
            "std": 0.004415814448094486,
            "ci_lower": 0.6912,
            "ci_upper": 0.708405
          }
        },
        "DS": {
          "score": 0.0,
          "bootstrap": {
            "mean": 0.0,
            "std": 0.0,
            "ci_lower": 0.0,
            "ci_upper": 0.0
          }
        },
        "DepS": {
          "score": 0.4082105217802028,
          "c_bar": 0.8108198965445161,
          "var_95_calibrated": 0.17526859990209337,
          "cvar_calibrated": 0.1835789564395944,
          "ece": 0.11061989654451605,
          "bootstrap": {
            "mean": 0.4082839580567537,
            "std": 0.0011512259134368243,
            "ci_lower": 0.40605650727165565,
            "ci_upper": 0.41045001278430615
          }
        },
        "QoTS": {
          "score": 0.8789147834621034,
          "K_critical": 494,
          "theta": 0.9,
          "best_model": "gamma",
          "aic": {
            "weibull": 3949.1231607204218,
            "gamma": 3945.032699644032,
            "lognormal": 3946.5933538997397
          },
          "weibull_shape": 1.067171017028058,
          "weibull_scale": 20.736338743417747,
          "intervals_mean": 20.18052738336714,
          "mu_ref": 3.33555703802535,
          "ad_stat": 12.095274433799773,
          "ad_crit_vals": [
            0.47,
            0.631,
            0.75,
            0.869,
            1.029
          ],
          "note": null,
          "bootstrap": {
            "mean": 0.8766345101358054,
            "std": 0.010771017978543239,
            "ci_lower": 0.8551061146886865,
            "ci_upper": 0.8976618551639154
          }
        },
        "AS": {
          "score": 0.5912999999999999,
          "pf_dtilde": 0.4087,
          "K_dtilde": 4087,
          "bootstrap": {
            "mean": 0.5912189000000001,
            "std": 0.00471294311338467,
            "ci_lower": 0.5822975,
            "ci_upper": 0.6008
          }
        }
      },
      "mrs": {
        "equal_weights": {
          "weights": [
            0.2,
            0.2,
            0.2,
            0.2,
            0.2
          ],
          "active_metrics": 5,
          "score": 4.9999999664658234e-09,
          "bootstrap": {
            "mean": 4.999999966445128e-09,
            "std": 1.4472395330257979e-19,
            "ci_lower": 4.999999966148937e-09,