{
  "model": "AlexNet",
  "dataset": "CIFAR-100",
  "n_samples": 10000,
  "accuracy": 0.596,
  "sub_metrics": {
    "P_s": {
      "score": 0.596,
      "ci_lower": 0.5855975,
      "ci_upper": 0.6054025
    },
    "DS": {
      "score": 0.9480198019801981,
      "ci_lower": 0.934934677139451,
      "ci_upper": 0.9599827965822634
    },
    "DepS_star": {
      "score": 0.39749709652606213,
      "ci_lower": 0.395139485030126,
      "ci_upper": 0.39980754079957764
    },
    "QoTS": {
      "score": 0.3489735747437434,
      "ci_lower": 0.34491662733933676,
      "ci_upper": 0.696903592538103
    },
    "AS": {
      "score": 0.5051,
      "ci_lower": 0.49489500000000003,
      "ci_upper": 0.5142
    }
  },
  "MRS": {
    "equal_weights": {
      "score": 0.4953547246231862,
      "ci_lower": 0.4935474247894859,
      "ci_upper": 0.5792165494129194,
      "weights": [
        0.2,
        0.2,
        0.2,
        0.2,
        0.2
      ]
    },
    "aerospace_weights": {
      "score": 0.4648599307169913,
      "ci_lower": 0.4626414493061332,
      "ci_upper": 0.5602847680054673,
      "weights": [
        0.15,
        0.15,
        0.25,
        0.25,
        0.2
      ]
    }
  }
}