{
  "model": "ResNet50",
  "dataset": "CIFAR-100",
  "n_samples": 10000,
  "accuracy": 0.7376999999999999,
  "sub_metrics": {
    "P_s": {
      "score": 0.7377,
      "ci_lower": 0.7294,
      "ci_upper": 0.7458025
    },
    "DS": {
      "score": 0.6401067479984748,
      "ci_lower": 0.6043972744557203,
      "ci_upper": 0.6758273294263134
    },
    "DepS_star": {
      "score": 0.42970045719011263,
      "ci_lower": 0.427835655924966,
      "ci_upper": 0.4315374124315769
    },
    "QoTS": {
      "score": 0.7420442517536229,
      "ci_lower": 0.34161022091631965,
      "ci_upper": 0.8426027607973116
    },
    "AS": {
      "score": 0.6255,
      "ci_lower": 0.6158,
      "ci_upper": 0.6349025
    }
  },
  "MRS": {
    "equal_weights": {
      "score": 0.6103995391361671,
      "ci_lower": 0.5078334340329898,
      "ci_upper": 0.6226700330756573,
      "weights": [
        0.2,
        0.2,
        0.2,
        0.2,
        0.2
      ]
    },
    "aerospace_weights": {
      "score": 0.5966150769661772,
      "ci_lower": 0.48087885771013633,
      "ci_upper": 0.6100623761784157,
      "weights": [
        0.15,
        0.15,
        0.25,
        0.25,
        0.2
      ]
    }
  }
}