{
  "model": "VGG16",
  "dataset": "CIFAR-100",
  "n_samples": 10000,
  "accuracy": 0.7001999999999999,
  "sub_metrics": {
    "P_s": {
      "score": 0.7001999999999999,
      "ci_lower": 0.6912,
      "ci_upper": 0.708405
    },
    "DS": {
      "score": 0.4162775183455638,
      "ci_lower": 0.37609722038388227,
      "ci_upper": 0.4554114635148579
    },
    "DepS_star": {
      "score": 0.4082105217802028,
      "ci_lower": 0.40605650727165565,
      "ci_upper": 0.41045001278430615
    },
    "QoTS": {
      "score": 0.7061034389812689,
      "ci_lower": 0.33587248132893865,
      "ci_upper": 0.9091559886269392
    },
    "AS": {
      "score": 0.5912999999999999,
      "ci_lower": 0.5822975,
      "ci_upper": 0.6008
    }
  },
  "MRS": {
    "equal_weights": {
      "score": 0.5326211633611303,
      "ci_lower": 0.4636189623894756,
      "ci_upper": 0.5543116642837678,
      "weights": [
        0.2,
        0.2,
        0.2,
        0.2,
        0.2
      ]
    },
    "aerospace_weights": {
      "score": 0.5321176373948799,
      "ci_lower": 0.44124153149223405,
      "ci_upper": 0.5574759924144288,
      "weights": [
        0.15,
        0.15,
        0.25,
        0.25,
        0.2
      ]
    }
  }
}